{"cameraMode":{"drawMode":0,"name":"Shaded","section":"Shading Mode"},"sceneLighting":false,"audioPlay":false,"sceneViewState":{"showFog":true,"showMaterialUpdate":true,"showSkybox":false,"showFlares":true,"showImageEffects":true,"showParticleSystems":true},"in2DMode":false,"pivot":{"x":-0.27160167694091799,"y":9.438420295715332,"z":-1.9010238647460938},"rotation":{"x":-0.1392640769481659,"y":-0.12770551443099976,"z":-0.018088029697537423,"w":0.9818898439407349},"size":50.089134216308597,"orthographic":false}