{"cameraMode":{"drawMode":0,"name":"Shaded","section":"Shading Mode"},"sceneLighting":false,"audioPlay":false,"sceneViewState":{"showFog":true,"showMaterialUpdate":true,"showSkybox":false,"showFlares":true,"showImageEffects":true,"showParticleSystems":true},"in2DMode":false,"pivot":{"x":393.00732421875,"y":207.09518432617188,"z":0.0},"rotation":{"x":0.019941775128245355,"y":-0.38295838236808779,"z":0.008173088543117047,"w":0.9235564470291138},"size":3.3912363052368166,"orthographic":false}