{"cameraMode":{"drawMode":0,"name":"Shaded","section":"Shading Mode"},"sceneLighting":true,"audioPlay":false,"sceneViewState":{"showFog":true,"showMaterialUpdate":true,"showSkybox":true,"showFlares":true,"showImageEffects":true,"showParticleSystems":true},"in2DMode":false,"pivot":{"x":-2.3275649547576906,"y":12.691617965698243,"z":-3.736757516860962},"rotation":{"x":-0.011857151053845883,"y":-0.07526445388793946,"z":-0.0008976903045549989,"w":0.9972077012062073},"size":4.950000286102295,"orthographic":false}